PuzzleId,FEN,Moves,Rating,RatingDeviation,Popularity,NbPlays,Themes,GameUrl,OpeningTags,DailyDate
CtI2H,8/8/R7/8/8/6K1/7p/6k1 b - - 3 65,h2h1q a6a1,644,82,100,1565,endgame master mate mateIn1 oneMove queenRookEndgame,https://lichess.org/o6hMbq6O/black#130,,
BMNr4,5k2/4r3/5K2/8/8/7R/8/8 b - - 22 97,e7e8 h3h8,716,110,92,1012,endgame master mate mateIn1 oneMove rookEndgame,https://lichess.org/2zbFGhQy/black#194,,
4kdlf,R7/8/8/8/8/2K5/8/1k1r4 b - - 73 81,b1c1 a8a1,761,107,94,1523,endgame master mate mateIn1 oneMove rookEndgame,https://lichess.org/VXDo6eFA/black#162,,
2ekIB,8/8/8/8/8/1K6/p6R/1k6 b - - 3 73,a2a1q h2h1,949,78,97,2440,endgame mate mateIn1 oneMove queenRookEndgame,https://lichess.org/4knvLVzv/black#146,,
7jc43,8/8/8/8/8/6K1/1R5p/6k1 b - - 3 65,h2h1q b2b1,954,103,93,1756,endgame master mate mateIn1 oneMove queenRookEndgame,https://lichess.org/5gUdRBW3/black#130,,
5MQS3,2k5/6R1/2K5/8/1N6/8/1r6/8 b - - 56 94,b2b4 g7g8,963,77,98,1431,endgame mate mateIn1 oneMove rookEndgame,https://lichess.org/8Ru3bC0J/black#188,,
DX4LM,3kr3/R7/3K4/8/8/8/8/8 b - - 33 78,e8e1 a7a8,966,94,97,1226,endgame mate mateIn1 oneMove rookEndgame,https://lichess.org/aXElUmu0/black#156,,
B2NNH,8/8/8/8/8/2K5/1p5R/2k5 b - - 3 64,b2b1q h2h1,971,89,96,1834,endgame mate mateIn1 oneMove queenRookEndgame,https://lichess.org/CSgcg8wz/black#128,,
44Joh,8/8/8/8/8/2K5/7R/1rk5 b - - 17 91,b1b8 h2h1,979,87,96,4087,endgame mate mateIn1 oneMove rookEndgame,https://lichess.org/TUKh4LqN/black#182,,
AiuDs,8/8/8/8/8/2K5/R7/2kr4 b - - 2 74,d1f1 a2a1,1107,77,95,2886,endgame master mate mateIn1 oneMove rookEndgame,https://lichess.org/jS1F9MOL/black#148,,
5Rly6,8/8/8/8/8/6K1/2R4p/6k1 b - - 0 60,h2h1q c2c1,1113,77,96,3002,endgame mate mateIn1 oneMove queenRookEndgame,https://lichess.org/mgj2tv17/black#120,,
62rvb,8/8/8/8/8/3K4/R3p3/3k4 b - - 3 84,e2e1q a2a1,1149,77,99,1038,endgame master mate mateIn1 oneMove queenRookEndgame,https://lichess.org/2GYXO2b5/black#168,,
DVClj,8/8/R7/8/8/5K2/6r1/6k1 b - - 31 81,g2h2 a6a1,1154,93,94,5022,endgame master mate mateIn1 oneMove rookEndgame,https://lichess.org/EQ4SR3kl/black#162,,
D1Rfg,8/7r/5K1k/8/8/8/6R1/8 b - - 1 73,h7h8 g2h2,1174,76,93,1732,endgame mate mateIn1 oneMove rookEndgame,https://lichess.org/qmI6p7l8/black#146,,
2rYQq,8/8/8/8/r5p1/4R1K1/8/5k2 b - - 13 65,f1g1 e3e1,400,111,92,1128,endgame mate mateIn1 oneMove rookEndgame,https://lichess.org/68qRvpZI/black#130,,
Bhuv7,8/4R3/8/8/8/5K2/6rp/7k b - - 19 79,h1g1 e7e1,485,102,93,1122,endgame mate mateIn1 oneMove rookEndgame,https://lichess.org/o904s4zb/black#158,,
D5YvG,6k1/8/5KP1/4R3/8/8/8/q7 b - - 0 62,a1h1 e5e8,498,105,99,1056,endgame mate mateIn1 oneMove queenRookEndgame,https://lichess.org/WXC5dzLK/black#124,,
3zJv1,8/8/8/6pk/6r1/2R5/7K/8 b - - 26 69,h5h4 c3h3,517,113,96,1320,endgame master mate mateIn1 oneMove rookEndgame,https://lichess.org/mRoilAmH/black#138,,
3Lt8K,6k1/4R3/6Kp/7r/8/8/8/8 b - - 3 70,h5h2 e7e8,768,77,100,1507,endgame mate mateIn1 oneMove rookEndgame,https://lichess.org/Fq3g8ydi/black#140,,
Cwx3J,8/8/6R1/4rp2/5K1k/8/8/8 b - - 0 51,e5b5 g6h6,919,95,96,1589,endgame mate mateIn1 oneMove rookEndgame,https://lichess.org/l1RpvDH8/black#102,,
CEpsC,8/3r4/7k/5K2/8/8/3p4/3R4 b - - 1 51,h6h5 d1h1,982,112,93,1445,endgame mate mateIn1 oneMove rookEndgame,https://lichess.org/7NRwrOad/black#102,,
8Julq,3R4/8/8/8/5K2/1r4pk/8/8 b - - 0 47,g3g2 d8h8,999,101,95,2057,endgame master masterVsMaster mate mateIn1 oneMove rookEndgame,https://lichess.org/8BwUmq4P/black#94,,
0Og6f,7k/7B/6K1/8/8/8/3p4/5R2 b - - 1 52,d2d1q f1f8,1050,78,95,2270,endgame master mate mateIn1 oneMove,https://lichess.org/4ixEGS3u/black#104,,
70rTN,8/8/8/8/1p6/1K6/p3R3/1k6 b - - 0 79,a2a1q e2e1,1084,75,97,6134,endgame mate mateIn1 oneMove queenRookEndgame,https://lichess.org/H2IFI8Gw/black#158,,
2UVpX,1R6/8/8/8/2K5/kp5r/8/8 b - - 0 76,b3b2 b8a8,1093,76,99,1557,endgame master mate mateIn1 oneMove rookEndgame,https://lichess.org/O9cBrFQ9/black#152,,
ApTEb,2Q5/8/8/8/k1K5/8/1p6/8 b - - 0 60,b2b1q c8a6,598,100,94,1274,endgame master mate mateIn1 oneMove queenEndgame,https://lichess.org/xqvL3HiO/black#120,,
BhrRA,8/8/8/8/8/6Q1/5Kp1/7k b - - 3 66,g2g1q g3g1,744,108,93,1479,endgame mate mateIn1 oneMove queenEndgame,https://lichess.org/v6H9ise7/black#132,,
00T85,8/8/8/8/8/4K3/1k3Q2/1q6 b - - 5 53,b2c1 f2d2,1039,92,93,1530,endgame master mate mateIn1 oneMove queenEndgame,https://lichess.org/j3dOR5SJ/black#106,,
3mc1O,6Q1/8/5K2/8/6k1/8/8/4q3 b - - 3 76,g4h5 g8g5,1078,81,94,1610,endgame mate mateIn1 oneMove queenEndgame,https://lichess.org/29fdiqQn/black#152,,
ADpdf,8/8/8/8/8/4K3/Qp6/2k5 b - - 3 62,b2b1q a2d2,1137,76,96,2353,endgame mate mateIn1 oneMove queenEndgame,https://lichess.org/DXNBSMyK/black#124,,
1N1SD,8/8/8/8/8/p7/kpK5/6Q1 b - - 1 62,b2b1q g1b1,602,102,93,1121,endgame mate mateIn1 oneMove queenEndgame,https://lichess.org/LnRZ6UL1/black#124,,
BcUcc,8/8/4Q3/6p1/6k1/8/6K1/2q5 b - - 1 55,g4h4 e6h3,1100,78,95,2061,endgame mate mateIn1 oneMove queenEndgame,https://lichess.org/6Z8jC9k2/black#110,,
1jNl1,8/8/8/Q7/2K5/k7/p7/1q6 b - - 1 65,a3b2 a5c3,1170,80,92,1477,endgame mate mateIn1 oneMove queenEndgame,https://lichess.org/a3UuHpEl/black#130,,
D5DQh,8/8/8/8/1Q6/4K1p1/6q1/4k3 b - - 7 62,e1d1 b4b1,1193,89,91,4080,endgame master mate mateIn1 oneMove queenEndgame,https://lichess.org/sSVVvn2B/black#124,,
DQVPs,8/8/8/8/1Q6/2pr4/4bK2/3k4 b - - 25 90,c3c2 b4e1,879,92,96,1255,endgame mate mateIn1 oneMove,https://lichess.org/uYlUig97/black#180,,
8Xev6,8/8/8/5Q2/6p1/3p1k1q/8/6K1 b - - 7 76,f3g3 f5f2,960,81,96,1835,endgame master mate mateIn1 oneMove queenEndgame,https://lichess.org/R9nwIC7F/black#152,,
C4F8F,3Q2K1/R7/6pk/2q5/2p5/8/8/8 b - - 10 61,c5a7 d8h4,981,79,97,5990,endgame mate mateIn1 oneMove queenEndgame,https://lichess.org/QycZqjh4/black#122,,
65EcB,8/8/4Q2p/8/8/1P3K1k/8/6q1 b - - 5 67,h3h4 e6h6,992,93,95,2634,endgame master mate mateIn1 oneMove queenEndgame,https://lichess.org/LRslG8lF/black#134,,
Ct19J,8/3Q4/8/4p1b1/6k1/8/6K1/1q6 b - - 6 62,g4h4 d7h3,1101,77,98,1103,endgame master mate mateIn1 oneMove,https://lichess.org/NyGc92Ak/black#124,,
5D4HG,8/8/6pp/4Q1kq/8/8/6K1/8 b - - 9 74,g5h4 e5g3,1126,76,99,2740,endgame mate mateIn1 oneMove queenEndgame,https://lichess.org/uHb3YyyC/black#148,,
3FsA0,8/8/K7/8/P7/3p3Q/2q5/3k4 b - - 4 73,d3d2 h3f1,1132,75,97,1565,endgame mate mateIn1 oneMove queenEndgame,https://lichess.org/YvFIt8jp/black#146,,
18gFE,4q3/8/6b1/k1QK4/3B4/8/8/8 b - - 5 97,a5a6 c5b6,1145,76,97,2916,endgame master mate mateIn1 oneMove,https://lichess.org/GhuKFlHX/black#194,,
6kFAO,4Q3/8/7k/7P/3qp3/1K6/8/8 b - - 12 84,e4e3 e8g6,1161,76,96,5576,endgame mate mateIn1 oneMove queenEndgame,https://lichess.org/825da6CB/black#168,,
3OB0O,8/3Q4/8/5p2/8/3kp3/5q2/2K5 b - - 7 63,d3e2 d7d1,1169,76,96,8724,endgame mate mateIn1 oneMove queenEndgame,https://lichess.org/hweUlbiE/black#126,,
0u5Sh,8/7p/7k/1Q6/7K/P4P2/6q1/8 b - - 0 50,g2f3 b5g5,1169,75,95,1837,endgame mate mateIn1 oneMove queenEndgame,https://lichess.org/ew9JAXJH/black#100,,
7yoiw,8/8/8/4Q3/6PK/4k3/4q3/5q2 b - - 3 69,e3f2 e5g3,1175,85,93,3431,dovetailMate endgame mate mateIn1 oneMove queenEndgame,https://lichess.org/34wmSwA7/black#138,,
D7HIG,8/8/6pk/5p2/2KQ1P2/6P1/5q2/8 b - - 0 51,f2g3 d4h8,752,117,94,1194,endgame mate mateIn1 oneMove queenEndgame,https://lichess.org/b3Tf5Hnh/black#102,,
3tDIc,5Q2/8/1q4pk/7p/8/5K2/5P2/8 b - - 2 52,h6g5 f8f4,756,113,97,1184,endgame master mate mateIn1 oneMove queenEndgame,https://lichess.org/fcemyoW3/black#104,,
4Cssw,8/5p2/4p3/3pk3/7K/4Q3/8/5q2 b - - 1 55,e5f6 e3g5,871,82,91,1633,dovetailMate endgame mate mateIn1 oneMove queenEndgame,https://lichess.org/Rye68O5t/black#110,,
92VgE,1Q4K1/8/8/2r5/1k1q2p1/4R3/8/8 b - - 7 67,b4c4 b8b3,899,93,96,1002,endgame master mate mateIn1 oneMove,https://lichess.org/8bbPNWWN/black#134,,
BYPi5,1k6/1P3r2/1KP5/8/8/8/5R2/8 b - - 0 76,f7f2 c6c7,465,110,94,1049,advancedPawn endgame mate mateIn1 oneMove rookEndgame,https://lichess.org/pcADwV0I/black#152,,
DcHYc,7k/5K2/6P1/8/4B3/8/7p/8 b - - 0 65,h2h1q g6g7,1095,82,93,4158,advancedPawn endgame mate mateIn1 oneMove,https://lichess.org/PbYsk2ph/black#130,,
BRAoL,8/8/1R4k1/6p1/8/6PK/8/r7 b - - 1 60,g6h5 g3g4,825,104,95,1156,endgame master mate mateIn1 oneMove rookEndgame,https://lichess.org/J4wBG8e6/black#120,,
28RzL,8/6RP/8/4K3/8/4p2k/8/5r2 b - - 0 70,e3e2 h7h8q,845,81,97,1381,advancedPawn endgame master mate mateIn1 oneMove promotion,https://lichess.org/rkU0BM1v/black#140,,
BHIzD,8/8/5R2/pk1r4/8/1K6/P7/8 b - - 6 58,d5c5 a2a4,910,88,97,1290,endgame master mate mateIn1 oneMove rookEndgame,https://lichess.org/BKspUaMp/black#116,,
7zZnW,3Q3k/8/4BbPK/8/p7/1p6/8/8 b - - 0 56,f6d8 g6g7,643,106,92,1319,advancedPawn bishopEndgame endgame master mate mateIn1 oneMove,https://lichess.org/gJvIqxAK/black#112,,
1Sd2F,1k6/1P6/PK5p/8/6P1/8/7p/8 b - - 0 50,h2h1q a6a7,857,99,90,1487,advancedPawn endgame mate mateIn1 oneMove queenEndgame,https://lichess.org/NZyefE4r/black#100,,
0CCsd,2k5/7P/2K5/2P2p2/8/7P/5p2/8 b - - 0 51,f2f1q h7h8q,868,110,91,1033,advancedPawn endgame mate mateIn1 oneMove promotion queenEndgame,https://lichess.org/qtHGh0ki/black#102,,
2GH4Q,8/1kP5/1PR5/8/8/K7/P6p/8 b - - 0 50,h2h1q c7c8q,876,104,95,1000,advancedPawn endgame mate mateIn1 oneMove promotion triangleMate,https://lichess.org/j7JYYWtC/black#100,,
0abZ0,6R1/8/8/7p/5p1k/4r3/6PK/8 b - - 29 66,f4f3 g2g3,999,77,98,3234,endgame mate mateIn1 oneMove rookEndgame,https://lichess.org/mRdHKRD0/black#132,,
1bJcc,7k/q7/5NK1/4N3/8/8/8/8 b - - 7 60,a7b6 e5f7,781,87,95,1624,endgame master mate mateIn1 oneMove superGM,https://lichess.org/vUSwYXjq/black#120,,
0YMqu,4k3/4P3/4K3/3N4/8/8/2p5/8 b - - 1 63,c2c1q d5f6,1031,79,94,1225,endgame mate mateIn1 oneMove,https://lichess.org/eAg8BKXJ/black#126,,
CwKl7,8/8/4R1pp/8/6rk/5K2/8/8 b - - 0 42,g6g5 e6h6,487,107,95,1738,endgame mate mateIn1 oneMove rookEndgame,https://lichess.org/bvLXEPII/black#84,,
3GpAW,8/8/1p2R3/2p5/kr6/2K5/8/8 b - - 3 44,b6b5 e6a6,521,108,95,1126,endgame mate mateIn1 oneMove rookEndgame,https://lichess.org/Jnqjuysc/black#88,,
CwKnP,7r/8/8/kp6/8/2K5/7p/7R b - - 5 52,a5a4 h1a1,588,97,99,1130,endgame mate mateIn1 oneMove rookEndgame,https://lichess.org/qWBz8u8A/black#104,,
5gQSn,8/8/8/7p/5K1k/6pr/8/6R1 b - - 1 55,h3h1 g1h1,607,102,94,1455,endgame hangingPiece mate mateIn1 oneMove rookEndgame,https://lichess.org/VyxbEdmu/black#110,,
1hh2J,8/8/6p1/8/r4p1k/5K2/8/2R5 b - - 1 51,g6g5 c1h1,662,96,91,1121,endgame mate mateIn1 oneMove rookEndgame,https://lichess.org/3EtLWDNG/black#102,,
41OUC,8/8/6p1/7p/6rk/8/5K2/R7 b - - 2 43,g6g5 a1h1,682,99,94,1147,endgame master masterVsMaster mate mateIn1 oneMove rookEndgame,https://lichess.org/OeJDb50p/black#86,,
2Vfqn,8/8/8/8/1pR5/4K3/1r3p2/4k3 b - - 7 59,f2f1q c4c1,772,107,95,2253,endgame mate mateIn1 oneMove queenRookEndgame,https://lichess.org/kLfTtiQT/black#118,,
5JXA1,8/8/7k/1r3P1P/1p3K2/1R6/8/8 b - - 0 66,h6h5 b3h3,790,81,99,1311,endgame mate mateIn1 oneMove rookEndgame,https://lichess.org/TZJ8Z2MN/black#132,,
97FFE,2R5/r7/8/k1K5/8/8/8/8 b - - 7 67,a7b7 c8a8 b7a7 a8a7,495,106,97,1193,endgame master mate mateIn2 rookEndgame short,https://lichess.org/W5O6LEri/black#134,,
07BVD,8/5K1k/8/7r/8/8/5R2/8 b - - 1 77,h5g5 f2h2 g5h5 h2h5,666,101,97,1854,endgame mate mateIn2 rookEndgame short,https://lichess.org/MdGayTFL/black#154,,
6B2vQ,2k5/7R/2K5/r7/8/8/8/8 b - - 82 91,a5g5 h7h8 g5g8 h8g8,763,106,96,1527,endgame mate mateIn2 rookEndgame short,https://lichess.org/O0nqJJbO/black#182,,
84Pkq,8/8/5K1k/8/1r2P3/8/3R4/8 b - - 0 39,b4e4 d2h2 e4h4 h2h4,910,104,94,1289,endgame mate mateIn2 rookEndgame short,https://lichess.org/dA1NM2B9/black#78,,
BTIx6,8/6R1/8/8/r7/8/5K2/7k b - - 16 78,a4a3 g7h7 a3h3 h7h3,998,107,96,5131,endgame mate mateIn2 rookEndgame short,https://lichess.org/yhXMAb6X/black#156,,
4Qrzs,3r4/k1K5/8/8/8/8/8/1R6 b - - 59 82,d8d4 b1a1 d4a4 a1a4,1119,96,93,2609,endgame mate mateIn2 rookEndgame short,https://lichess.org/VYuF0zTC/black#164,,
7Wlzo,1R6/8/8/8/8/r7/2K5/k7 b - - 9 64,a3h3 b8a8 h3a3 a8a3,1128,80,95,2469,endgame mate mateIn2 rookEndgame short,https://lichess.org/4szN2XT5/black#128,,
9Jbiu,8/8/8/8/8/6K1/1R6/6kq b - - 1 69,h1h6 b2b1 h6c1 b1c1,1155,81,93,6792,endgame mate mateIn2 queenRookEndgame short,https://lichess.org/oCJtnCNG/black#138,,
9hDJu,8/8/k1K5/8/3r4/8/1R6/8 b - - 36 68,d4e4 b2a2 e4a4 a2a4,1155,76,95,2713,endgame mate mateIn2 rookEndgame short,https://lichess.org/xZt8pYhu/black#136,,
7f14Q,4r2k/5K2/8/8/8/8/8/6R1 b - - 5 77,e8e3 g1h1 e3h3 h1h3,1193,77,95,8585,endgame mate mateIn2 rookEndgame short,https://lichess.org/65mVdF15/black#154,,
04XDG,3k4/7R/p2K4/8/6r1/6P1/8/8 b - - 2 51,g4g3 h7h8 g3g8 h8g8,839,109,95,1770,endgame mate mateIn2 rookEndgame short,https://lichess.org/bblAngeH/black#102,,
6LqyB,8/8/8/8/8/5nK1/R6p/6k1 b - - 3 64,h2h1q a2a1 f3e1 a1e1,973,77,96,6395,endgame mate mateIn2 short,https://lichess.org/ZTCdTCo2/black#128,,
7rtI7,8/R7/5r2/8/8/6K1/6p1/6k1 b - - 7 56,f6c6 a7a1 c6c1 a1c1,996,97,94,1114,endgame mate mateIn2 rookEndgame short,https://lichess.org/2ugLuIHq/black#112,,
0RJRO,6R1/8/8/8/5r2/5p2/5K1k/8 b - - 5 61,f4f7 g8h8 f7h7 h8h7,1024,83,97,1030,endgame mate mateIn2 rookEndgame short,https://lichess.org/ZL30WVL7/black#122,,
0Zw2D,8/8/1R6/r7/2p5/k1K5/8/8 b - - 3 64,a5c5 b6a6 c5a5 a6a5,1084,76,98,1077,endgame mate mateIn2 rookEndgame short,https://lichess.org/SM8dAuBs/black#128,,
AbjPe,5K1k/7r/6PR/8/8/8/8/8 b - - 0 70,h7h6 g6g7 h8h7 g7g8q,488,102,92,1205,advancedPawn endgame mate mateIn2 promotion rookEndgame short,https://lichess.org/6bQi2Qya/black#140,,
345YU,8/5KPk/8/8/8/8/4p3/8 b - - 1 64,e2e1q g7g8q h7h6 g8g6,991,84,90,1195,advancedPawn endgame mate mateIn2 promotion queenEndgame short,https://lichess.org/tY1WM54a/black#128,,
69J9r,8/8/8/8/8/K7/1p2Q3/k7 b - - 0 71,b2b1q e2e5 b1b2 e5b2,1111,84,91,1301,endgame mate mateIn2 queenEndgame short,https://lichess.org/wty1VA9V/black#142,,
3mOIj,6k1/5nP1/6K1/7P/8/8/8/8 b - - 2 63,f7d8 h5h6 d8c6 h6h7,659,114,93,1377,advancedPawn endgame knightEndgame mate mateIn2 short,https://lichess.org/yKqpW2lT/black#126,,
A3jPy,8/3Q4/6k1/6p1/5q2/8/6K1/8 b - - 8 69,g6h5 d7h7 h5g4 h7h3,976,92,95,2075,endgame mate mateIn2 queenEndgame short,https://lichess.org/NkH8E2cD/black#138,,
6tOfh,8/6K1/8/5qpk/8/8/4Q3/8 b - - 39 73,g5g4 e2h2 h5g5 h2h6,1092,75,100,1520,endgame mate mateIn2 queenEndgame short,https://lichess.org/uu2S5juP/black#146,,
CcThi,4Q3/8/8/8/3p4/3K4/8/4k1q1 b - - 3 57,e1d1 e8e2 d1c1 e2c2,1104,83,95,2599,endgame mate mateIn2 queenEndgame short,https://lichess.org/eCvcu0hz/black#114,,
5vjga,8/6Q1/8/6k1/6p1/5q2/8/6K1 b - - 9 83,g5h4 g7h6 h4g3 h6h2,1127,88,93,1513,endgame mate mateIn2 queenEndgame short,https://lichess.org/gL0qyJzO/black#166,,
0XJfs,6k1/6P1/1P4K1/p7/2p5/1P6/8/8 b - - 0 53,c4b3 b6b7 b3b2 b7b8q,477,117,94,1447,advancedPawn endgame mate mateIn2 pawnEndgame promotion short,https://lichess.org/fPjX5wLG/black#106,,
21A4C,3k4/3P4/3K4/p1P5/8/1n6/8/8 b - - 2 64,a5a4 c5c6 a4a3 c6c7,546,108,93,1220,advancedPawn endgame knightEndgame mate mateIn2 short,https://lichess.org/obAmNgs5/black#128,,
1LDYI,8/5KPk/5P2/8/8/1p6/2p5/8 b - - 0 68,c2c1q g7g8q h7h6 g8g6,955,84,96,5175,advancedPawn endgame mate mateIn2 promotion queenEndgame short,https://lichess.org/qP7EyBjs/black#136,,
3Zny0,5k2/8/1p4KP/2r5/8/8/8/5R2 b - - 4 64,f8g8 h6h7 g8h8 f1f8,978,90,95,1996,advancedPawn endgame mate mateIn2 rookEndgame short,https://lichess.org/sURSa0Qz/black#128,,
5cyUn,5k2/6P1/7P/5K2/p7/2n5/8/8 b - - 0 59,f8g8 f5g6 a4a3 h6h7,1043,76,100,2058,advancedPawn endgame knightEndgame mate mateIn2 short,https://lichess.org/N12WboJw/black#118,,
5cqv8,8/kp6/5R2/KP4r1/8/8/8/8 b - - 0 66,g5g1 b5b6 a7b8 f6f8,1074,82,94,3043,endgame master mate mateIn2 rookEndgame short,https://lichess.org/mnpZK6GB/black#132,,
A5PSv,8/R6p/7k/5K2/6P1/1r5P/8/8 b - - 0 50,b3h3 g4g5 h6h5 a7h7,1119,92,93,3339,deflection endgame mate mateIn2 rookEndgame short,https://lichess.org/pI5xNaO7/black#100,,
